[{"pk": 1, "model": "experiment.parameters", "fields": {"var_qtl": 0.05, "var_gen": 0.7, "snp_config": "1_0", "strains": 150, "mouse_per_strain": "inf", "var_env": 0.25}}, {"pk": 2, "model": "experiment.parameters", "fields": {"var_qtl": 0.05, "var_gen": 0.7, "snp_config": "1_0", "strains": 150, "mouse_per_strain": "1", "var_env": 0.25}}, {"pk": 3, "model": "experiment.parameters", "fields": {"var_qtl": 0.05, "var_gen": 0.7, "snp_config": "1_0", "strains": 150, "mouse_per_strain": "5", "var_env": 0.25}}, {"pk": 4, "model": "experiment.parameters", "fields": {"var_qtl": 0.05, "var_gen": 0.7, "snp_config": "1_0", "strains": 150, "mouse_per_strain": "10", "var_env": 0.25}}, {"pk": 5, "model": "experiment.parameters", "fields": {"var_qtl": 0.05, "var_gen": 0.7, "snp_config": "1_1", "strains": 150, "mouse_per_strain": "inf", "var_env": 0.25}}, {"pk": 6, "model": "experiment.parameters", "fields": {"var_qtl": 0.05, "var_gen": 0.7, "snp_config": "1_1", "strains": 150, "mouse_per_strain": "1", "var_env": 0.25}}, {"pk": 7, "model": "experiment.parameters", "fields": {"var_qtl": 0.05, "var_gen": 0.7, "snp_config": "1_1", "strains": 150, "mouse_per_strain": "5", "var_env": 0.25}}, {"pk": 8, "model": "experiment.parameters", "fields": {"var_qtl": 0.05, "var_gen": 0.7, "snp_config": "1_1", "strains": 150, "mouse_per_strain": "10", "var_env": 0.25}}, {"pk": 9, "model": "experiment.parameters", "fields": {"var_qtl": 0.05, "var_gen": 0.7, "snp_config": "2_0", "strains": 150, "mouse_per_strain": "inf", "var_env": 0.25}}, {"pk": 10, "model": "experiment.parameters", "fields": {"var_qtl": 0.05, "var_gen": 0.7, "snp_config": "2_0", "strains": 150, "mouse_per_strain": "1", "var_env": 0.25}}, {"pk": 11, "model": "experiment.parameters", "fields": {"var_qtl": 0.05, "var_gen": 0.7, "snp_config": "2_0", "strains": 150, "mouse_per_strain": "5", "var_env": 0.25}}, {"pk": 12, "model": "experiment.parameters", "fields": {"var_qtl": 0.05, "var_gen": 0.7, "snp_config": "2_0", "strains": 150, "mouse_per_strain": "10", "var_env": 0.25}}, {"pk": 13, "model": "experiment.parameters", "fields": {"var_qtl": 0.05, "var_gen": 0.7, "snp_config": "3_0", "strains": 150, "mouse_per_strain": "inf", "var_env": 0.25}}, {"pk": 14, "model": "experiment.parameters", "fields": {"var_qtl": 0.05, "var_gen": 0.7, "snp_config": "3_0", "strains": 150, "mouse_per_strain": "1", "var_env": 0.25}}, {"pk": 15, "model": "experiment.parameters", "fields": {"var_qtl": 0.05, "var_gen": 0.7, "snp_config": "3_0", "strains": 150, "mouse_per_strain": "5", "var_env": 0.25}}, {"pk": 16, "model": "experiment.parameters", "fields": {"var_qtl": 0.05, "var_gen": 0.7, "snp_config": "3_0", "strains": 150, "mouse_per_strain": "10", "var_env": 0.25}}, {"pk": 17, "model": "experiment.parameters", "fields": {"var_qtl": 0.1, "var_gen": 0.65, "snp_config": "1_0", "strains": 150, "mouse_per_strain": "inf", "var_env": 0.25}}, {"pk": 18, "model": "experiment.parameters", "fields": {"var_qtl": 0.1, "var_gen": 0.65, "snp_config": "1_0", "strains": 150, "mouse_per_strain": "1", "var_env": 0.25}}, {"pk": 19, "model": "experiment.parameters", "fields": {"var_qtl": 0.1, "var_gen": 0.65, "snp_config": "1_0", "strains": 150, "mouse_per_strain": "5", "var_env": 0.25}}, {"pk": 20, "model": "experiment.parameters", "fields": {"var_qtl": 0.1, "var_gen": 0.65, "snp_config": "1_0", "strains": 150, "mouse_per_strain": "10", "var_env": 0.25}}, {"pk": 21, "model": "experiment.parameters", "fields": {"var_qtl": 0.1, "var_gen": 0.65, "snp_config": "1_1", "strains": 150, "mouse_per_strain": "inf", "var_env": 0.25}}, {"pk": 22, "model": "experiment.parameters", "fields": {"var_qtl": 0.1, "var_gen": 0.65, "snp_config": "1_1", "strains": 150, "mouse_per_strain": "1", "var_env": 0.25}}, {"pk": 23, "model": "experiment.parameters", "fields": {"var_qtl": 0.1, "var_gen": 0.65, "snp_config": "1_1", "strains": 150, "mouse_per_strain": "5", "var_env": 0.25}}, {"pk": 24, "model": "experiment.parameters", "fields": {"var_qtl": 0.1, "var_gen": 0.65, "snp_config": "1_1", "strains": 150, "mouse_per_strain": "10", "var_env": 0.25}}, {"pk": 25, "model": "experiment.parameters", "fields": {"var_qtl": 0.1, "var_gen": 0.65, "snp_config": "2_0", "strains": 150, "mouse_per_strain": "inf", "var_env": 0.25}}, {"pk": 26, "model": "experiment.parameters", "fields": {"var_qtl": 0.1, "var_gen": 0.65, "snp_config": "2_0", "strains": 150, "mouse_per_strain": "1", "var_env": 0.25}}, {"pk": 27, "model": "experiment.parameters", "fields": {"var_qtl": 0.1, "var_gen": 0.65, "snp_config": "2_0", "strains": 150, "mouse_per_strain": "5", "var_env": 0.25}}, {"pk": 28, "model": "experiment.parameters", "fields": {"var_qtl": 0.1, "var_gen": 0.65, "snp_config": "2_0", "strains": 150, "mouse_per_strain": "10", "var_env": 0.25}}, {"pk": 29, "model": "experiment.parameters", "fields": {"var_qtl": 0.1, "var_gen": 0.65, "snp_config": "3_0", "strains": 150, "mouse_per_strain": "inf", "var_env": 0.25}}, {"pk": 30, "model": "experiment.parameters", "fields": {"var_qtl": 0.1, "var_gen": 0.65, "snp_config": "3_0", "strains": 150, "mouse_per_strain": "1", "var_env": 0.25}}, {"pk": 31, "model": "experiment.parameters", "fields": {"var_qtl": 0.1, "var_gen": 0.65, "snp_config": "3_0", "strains": 150, "mouse_per_strain": "5", "var_env": 0.25}}, {"pk": 32, "model": "experiment.parameters", "fields": {"var_qtl": 0.1, "var_gen": 0.65, "snp_config": "3_0", "strains": 150, "mouse_per_strain": "10", "var_env": 0.25}}, {"pk": 33, "model": "experiment.parameters", "fields": {"var_qtl": 0.25, "var_gen": 0.5, "snp_config": "1_0", "strains": 150, "mouse_per_strain": "inf", "var_env": 0.25}}, {"pk": 34, "model": "experiment.parameters", "fields": {"var_qtl": 0.25, "var_gen": 0.5, "snp_config": "1_0", "strains": 150, "mouse_per_strain": "1", "var_env": 0.25}}, {"pk": 35, "model": "experiment.parameters", "fields": {"var_qtl": 0.25, "var_gen": 0.5, "snp_config": "1_0", "strains": 150, "mouse_per_strain": "5", "var_env": 0.25}}, {"pk": 36, "model": "experiment.parameters", "fields": {"var_qtl": 0.25, "var_gen": 0.5, "snp_config": "1_0", "strains": 150, "mouse_per_strain": "10", "var_env": 0.25}}, {"pk": 37, "model": "experiment.parameters", "fields": {"var_qtl": 0.25, "var_gen": 0.5, "snp_config": "1_1", "strains": 150, "mouse_per_strain": "inf", "var_env": 0.25}}, {"pk": 38, "model": "experiment.parameters", "fields": {"var_qtl": 0.25, "var_gen": 0.5, "snp_config": "1_1", "strains": 150, "mouse_per_strain": "1", "var_env": 0.25}}, {"pk": 39, "model": "experiment.parameters", "fields": {"var_qtl": 0.25, "var_gen": 0.5, "snp_config": "1_1", "strains": 150, "mouse_per_strain": "5", "var_env": 0.25}}, {"pk": 40, "model": "experiment.parameters", "fields": {"var_qtl": 0.25, "var_gen": 0.5, "snp_config": "1_1", "strains": 150, "mouse_per_strain": "10", "var_env": 0.25}}, {"pk": 41, "model": "experiment.parameters", "fields": {"var_qtl": 0.25, "var_gen": 0.5, "snp_config": "2_0", "strains": 150, "mouse_per_strain": "inf", "var_env": 0.25}}, {"pk": 42, "model": "experiment.parameters", "fields": {"var_qtl": 0.25, "var_gen": 0.5, "snp_config": "2_0", "strains": 150, "mouse_per_strain": "1", "var_env": 0.25}}, {"pk": 43, "model": "experiment.parameters", "fields": {"var_qtl": 0.25, "var_gen": 0.5, "snp_config": "2_0", "strains": 150, "mouse_per_strain": "5", "var_env": 0.25}}, {"pk": 44, "model": "experiment.parameters", "fields": {"var_qtl": 0.25, "var_gen": 0.5, "snp_config": "2_0", "strains": 150, "mouse_per_strain": "10", "var_env": 0.25}}, {"pk": 45, "model": "experiment.parameters", "fields": {"var_qtl": 0.25, "var_gen": 0.5, "snp_config": "3_0", "strains": 150, "mouse_per_strain": "inf", "var_env": 0.25}}, {"pk": 46, "model": "experiment.parameters", "fields": {"var_qtl": 0.25, "var_gen": 0.5, "snp_config": "3_0", "strains": 150, "mouse_per_strain": "1", "var_env": 0.25}}, {"pk": 47, "model": "experiment.parameters", "fields": {"var_qtl": 0.25, "var_gen": 0.5, "snp_config": "3_0", "strains": 150, "mouse_per_strain": "5", "var_env": 0.25}}, {"pk": 48, "model": "experiment.parameters", "fields": {"var_qtl": 0.25, "var_gen": 0.5, "snp_config": "3_0", "strains": 150, "mouse_per_strain": "10", "var_env": 0.25}}, {"pk": 1, "model": "experiment.software", "fields": {"name": "bagpipe"}}, {"pk": 2, "model": "experiment.software", "fields": {"name": "plink"}}, {"pk": 3, "model": "experiment.software", "fields": {"name": "htree"}}, {"pk": 4, "model": "experiment.software", "fields": {"name": "emmax"}}, {"pk": 1, "model": "experiment.gevmodelparams", "fields": {"scale": 0.5639930469156229, "shape": 0.006932722534022979, "mouse_per_strain": "inf", "location": 3.8442737558357942, "software": 1}}, {"pk": 2, "model": "experiment.gevmodelparams", "fields": {"scale": 1.134157545416783, "shape": 0.030430321235638193, "mouse_per_strain": "inf", "location": 9.649497717579663, "software": 2}}, {"pk": 3, "model": "experiment.gevmodelparams", "fields": {"scale": 0.47699586548581263, "shape": 0.028888678677650104, "mouse_per_strain": "inf", "location": 4.226284892424143, "software": 3}}, {"pk": 4, "model": "experiment.gevmodelparams", "fields": {"scale": 1.0761627922406602, "shape": 0.021136376815221007, "mouse_per_strain": "inf", "location": 9.519600501915198, "software": 4}}, {"pk": 5, "model": "experiment.gevmodelparams", "fields": {"scale": 0.5624939121723628, "shape": 0.022434102855205685, "mouse_per_strain": "1", "location": 3.8398907143682686, "software": 1}}, {"pk": 6, "model": "experiment.gevmodelparams", "fields": {"scale": 1.08198334522394, "shape": 0.04019898441653855, "mouse_per_strain": "1", "location": 9.68854279105404, "software": 2}}, {"pk": 7, "model": "experiment.gevmodelparams", "fields": {"scale": 0.4774799132253401, "shape": 0.0638370871067553, "mouse_per_strain": "1", "location": 4.240459356334134, "software": 3}}, {"pk": 8, "model": "experiment.gevmodelparams", "fields": {"scale": 1.027651022725131, "shape": 0.03177466486402498, "mouse_per_strain": "1", "location": 9.577599277124992, "software": 4}}, {"pk": 9, "model": "experiment.gevmodelparams", "fields": {"scale": 3.8647058943599824, "shape": 0.09236484891181948, "mouse_per_strain": "5", "location": 41.6115669074437, "software": 1}}, {"pk": 10, "model": "experiment.gevmodelparams", "fields": {"scale": 4.477068953893437, "shape": 0.03473647612014236, "mouse_per_strain": "5", "location": 34.24196564110243, "software": 2}}, {"pk": 11, "model": "experiment.gevmodelparams", "fields": {"scale": 1.0423647854136007, "shape": 0.04512937383349671, "mouse_per_strain": "5", "location": 9.878517193388689, "software": 4}}, {"pk": 12, "model": "experiment.gevmodelparams", "fields": {"scale": 8.191845460260598, "shape": 0.09991922742988624, "mouse_per_strain": "10", "location": 96.01236169239795, "software": 1}}, {"pk": 13, "model": "experiment.gevmodelparams", "fields": {"scale": 8.455738033821318, "shape": 0.028175816830845756, "mouse_per_strain": "10", "location": 64.86649299984822, "software": 2}}, {"pk": 14, "model": "experiment.gevmodelparams", "fields": {"scale": 1.0303560650586054, "shape": 0.026043803501606386, "mouse_per_strain": "10", "location": 9.872232997977445, "software": 4}}]